{
  "properties": {
    "connectionReferences": {
      "shared_powerplatformforadmins": {
        "runtimeSource": "embedded",
        "connection": {
          "connectionReferenceLogicalName": "new_CoEGovPowerPlatformforAdmins"
        },
        "api": {
          "name": "shared_powerplatformforadmins"
        }
      },
      "shared_flowmanagement": {
        "runtimeSource": "embedded",
        "connection": {
          "connectionReferenceLogicalName": "admin_CoECorePowerAutomateManagement"
        },
        "api": {
          "name": "shared_flowmanagement"
        }
      },
      "shared_commondataserviceforapps": {
        "runtimeSource": "embedded",
        "connection": {
          "connectionReferenceLogicalName": "admin_CoEBYODLDataverse"
        },
        "api": {
          "name": "shared_commondataserviceforapps"
        }
      },
      "shared_powerappsforappmakers": {
        "runtimeSource": "embedded",
        "connection": {
          "connectionReferenceLogicalName": "admin_CoECorePowerAppsMakers"
        },
        "api": {
          "name": "shared_powerappsforappmakers"
        }
      },
      "shared_office365": {
        "runtimeSource": "embedded",
        "connection": {
          "connectionReferenceLogicalName": "new_sharedoffice365_7a984"
        },
        "api": {
          "name": "shared_office365"
        }
      },
      "shared_office365users": {
        "runtimeSource": "embedded",
        "connection": {
          "connectionReferenceLogicalName": "admin_CoECoreOffice365Users"
        },
        "api": {
          "name": "shared_office365users"
        }
      }
    },
    "definition": {
      "$schema": "https://schema.management.azure.com/providers/Microsoft.Logic/schemas/2016-06-01/workflowdefinition.json#",
      "contentVersion": "1.0.0.0",
      "parameters": {
        "$connections": {
          "defaultValue": {},
          "type": "Object"
        },
        "$authentication": {
          "defaultValue": {},
          "type": "SecureObject"
        }
      },
      "triggers": {
        "When_a_row_is_added,_modified_or_deleted": {
          "metadata": {
            "operationMetadataId": "2544bef6-9785-411d-bd88-bab823b510ec"
          },
          "type": "OpenApiConnectionWebhook",
          "inputs": {
            "host": {
              "connectionName": "shared_commondataserviceforapps",
              "operationId": "SubscribeWebhookTrigger",
              "apiId": "/providers/Microsoft.PowerApps/apis/shared_commondataserviceforapps"
            },
            "parameters": {
              "subscriptionRequest/message": 4,
              "subscriptionRequest/entityname": "admin_flow",
              "subscriptionRequest/scope": 4,
              "subscriptionRequest/filteringattributes": "admin_displayname, admin_flowenvironmentid"
            },
            "authentication": "@parameters('$authentication')"
          }
        }
      },
      "actions": {
        "Initialize_variable_2": {
          "runAfter": {},
          "metadata": {
            "operationMetadataId": "2cf1e5aa-5e2b-4d75-a22c-20a1f0f755ec"
          },
          "type": "InitializeVariable",
          "inputs": {
            "variables": [
              {
                "name": "Flow Name",
                "type": "string"
              }
            ]
          }
        },
        "Get_Flow_as_Admin": {
          "runAfter": {
            "Apply_to_each": [
              "Succeeded"
            ]
          },
          "metadata": {
            "operationMetadataId": "1b337599-0d57-479b-a97c-21c23d4b4672"
          },
          "type": "OpenApiConnection",
          "inputs": {
            "host": {
              "connectionName": "shared_flowmanagement",
              "operationId": "AdminGetFlow",
              "apiId": "/providers/Microsoft.PowerApps/apis/shared_flowmanagement"
            },
            "parameters": {
              "environmentName": "@outputs('Get_Environment_as_Admin')?['body/name']",
              "flowName": "@variables('Flow Name')"
            },
            "authentication": "@parameters('$authentication')"
          }
        },
        "Initialize_variable_3": {
          "runAfter": {
            "Initialize_variable_2": [
              "Succeeded"
            ]
          },
          "metadata": {
            "operationMetadataId": "5e9e1906-bdaf-469c-8f8e-9bd3d214b59f"
          },
          "type": "InitializeVariable",
          "inputs": {
            "variables": [
              {
                "name": "FlowOwners",
                "type": "string"
              }
            ]
          }
        },
        "Apply_to_each": {
          "foreach": "@outputs('List_Flows_as_Admin_(V2)')?['body/value']",
          "actions": {
            "Condition": {
              "actions": {
                "Set_variable_2": {
                  "runAfter": {},
                  "metadata": {
                    "operationMetadataId": "68afb53e-8b83-4b6a-b850-490110e79922"
                  },
                  "type": "SetVariable",
                  "inputs": {
                    "name": "Flow Name",
                    "value": "@items('Apply_to_each')?['name']"
                  }
                }
              },
              "runAfter": {},
              "expression": {
                "equals": [
                  "@triggerOutputs()?['body/admin_displayname']",
                  "@items('Apply_to_each')?['properties/displayName']"
                ]
              },
              "metadata": {
                "operationMetadataId": "f3e5c769-e237-4c65-bc8d-28aed287743b"
              },
              "type": "If"
            }
          },
          "runAfter": {
            "List_Flows_as_Admin_(V2)": [
              "Succeeded"
            ]
          },
          "metadata": {
            "operationMetadataId": "d4a6507d-3c65-428f-9147-934e1f362775"
          },
          "type": "Foreach"
        },
        "List_flow_connectors": {
          "runAfter": {
            "Get_Flow_as_Admin": [
              "Succeeded"
            ]
          },
          "metadata": {
            "operationMetadataId": "e6dc4ff3-3e7e-4ad6-8caf-101a5c66bf94"
          },
          "type": "OpenApiConnection",
          "inputs": {
            "host": {
              "connectionName": "shared_commondataserviceforapps",
              "operationId": "ListRecords",
              "apiId": "/providers/Microsoft.PowerApps/apis/shared_commondataserviceforapps"
            },
            "parameters": {
              "entityName": "admin_flowactiondetails",
              "$filter": "admin_actiontype ne 'Foreach' and admin_actiontype ne 'If' and admin_actiontype ne 'InitializeVariable' and admin_actiontype ne 'SetVariable' and admin_actiontype ne 'Recurrence' and admin_actiontype ne 'IncrementVariable' and admin_actiontype ne 'AppendToArrayVariable' and _admin_flow_value eq '@{triggerOutputs()?['body/admin_flowid']}'"
            },
            "authentication": "@parameters('$authentication')"
          }
        },
        "Apply_to_each_4": {
          "foreach": "@outputs('List_flow_connectors')?['body/value']",
          "actions": {
            "List_rows": {
              "runAfter": {},
              "metadata": {
                "operationMetadataId": "0d21ad0b-17d1-4e8e-a758-860bec74ec7c"
              },
              "type": "OpenApiConnection",
              "inputs": {
                "host": {
                  "connectionName": "shared_commondataserviceforapps",
                  "operationId": "ListRecords",
                  "apiId": "/providers/Microsoft.PowerApps/apis/shared_commondataserviceforapps"
                },
                "parameters": {
                  "entityName": "jn_connectordataclassifications",
                  "$filter": "jn_connectoractionname eq '@{items('Apply_to_each_4')?['admin_actiontype']}' and jn_environmentname eq '@{outputs('Get_Environment_as_Admin')?['body/name']}' and jn_flowname eq '@{outputs('Get_Flow_as_Admin')?['body/name']}'"
                },
                "authentication": "@parameters('$authentication')"
              }
            },
            "Condition_2": {
              "actions": {},
              "runAfter": {
                "List_rows": [
                  "Succeeded"
                ]
              },
              "else": {
                "actions": {
                  "Append_to_Connectors_Variable": {
                    "runAfter": {},
                    "metadata": {
                      "operationMetadataId": "59641205-0353-4adc-9df1-924f7feef213"
                    },
                    "type": "AppendToStringVariable",
                    "inputs": {
                      "name": "Connectors",
                      "value": "-@{items('Apply_to_each_4')?['admin_actiontype']}<br/>"
                    }
                  },
                  "Append_to_array_variable": {
                    "runAfter": {
                      "Append_to_Connectors_Variable": [
                        "Succeeded"
                      ]
                    },
                    "metadata": {
                      "operationMetadataId": "56cd63e5-e46b-4e8a-8275-b525fd504467"
                    },
                    "type": "AppendToArrayVariable",
                    "inputs": {
                      "name": "FlowActionsArr",
                      "value": "@items('Apply_to_each_4')?['admin_actiontype']"
                    }
                  },
                  "Set_variable": {
                    "runAfter": {
                      "Append_to_array_variable": [
                        "Succeeded"
                      ]
                    },
                    "metadata": {
                      "operationMetadataId": "5cb159f0-cf47-4364-957d-bdac5278ba43"
                    },
                    "type": "SetVariable",
                    "inputs": {
                      "name": "IsTrigger",
                      "value": "@items('Apply_to_each_4')?['cr5d5_istypetrigger']"
                    }
                  },
                  "Add_a_new_row": {
                    "runAfter": {
                      "Set_variable": [
                        "Succeeded"
                      ]
                    },
                    "metadata": {
                      "operationMetadataId": "2e50e2c3-c6fe-4aed-a596-d0de127292cd"
                    },
                    "type": "OpenApiConnection",
                    "inputs": {
                      "host": {
                        "connectionName": "shared_commondataserviceforapps",
                        "operationId": "CreateRecord",
                        "apiId": "/providers/Microsoft.PowerApps/apis/shared_commondataserviceforapps"
                      },
                      "parameters": {
                        "entityName": "jn_connectordataclassifications",
                        "item/jn_connectoractionname": "@items('Apply_to_each_4')?['admin_actiontype']",
                        "item/jn_dataclassification": 103200001,
                        "item/jn_environmentname": "@outputs('Get_Environment_as_Admin')?['body/name']",
                        "item/jn_flowname": "@outputs('Get_Flow_as_Admin')?['body/name']"
                      },
                      "authentication": "@parameters('$authentication')"
                    }
                  }
                }
              },
              "expression": {
                "greater": [
                  "@length(outputs('List_rows')?['body/value'])",
                  1
                ]
              },
              "metadata": {
                "operationMetadataId": "fd5e3efd-1a2e-4208-b024-eb8bd602555c"
              },
              "type": "If"
            }
          },
          "runAfter": {
            "Initialize_variable_\"IsTrigger\"": [
              "Succeeded"
            ]
          },
          "metadata": {
            "operationMetadataId": "15ccf36c-af50-4e7c-82f1-3e3e0426ebbc"
          },
          "type": "Foreach"
        },
        "Initialize_variable_4": {
          "runAfter": {
            "List_flow_connectors": [
              "Succeeded"
            ]
          },
          "metadata": {
            "operationMetadataId": "71c74d97-6190-43d2-b3cd-a6be41581ef4"
          },
          "type": "InitializeVariable",
          "inputs": {
            "variables": [
              {
                "name": "Connectors",
                "type": "string",
                "value": "@{null}"
              }
            ]
          }
        },
        "Get_App": {
          "runAfter": {
            "Apply_to_each_3": [
              "Succeeded"
            ]
          },
          "metadata": {
            "operationMetadataId": "8917e7cb-eef1-43f9-813b-1247d4077d20"
          },
          "type": "OpenApiConnection",
          "inputs": {
            "host": {
              "connectionName": "shared_powerappsforappmakers",
              "operationId": "Get-App",
              "apiId": "/providers/Microsoft.PowerApps/apis/shared_powerappsforappmakers"
            },
            "parameters": {
              "app": "f1940308-9d14-4e05-8b50-9a9330c2c377",
              "api-version": "2016-11-01"
            },
            "authentication": "@parameters('$authentication')"
          }
        },
        "Send_an_email_(V2)": {
          "runAfter": {
            "Compose": [
              "Succeeded"
            ]
          },
          "metadata": {
            "operationMetadataId": "034fdfdd-c71c-4507-b363-5229525ef8e7"
          },
          "type": "OpenApiConnection",
          "inputs": {
            "host": {
              "connectionName": "shared_office365",
              "operationId": "SendEmailV2",
              "apiId": "/providers/Microsoft.PowerApps/apis/shared_office365"
            },
            "parameters": {
              "emailMessage/To": "@variables('FlowOwners')",
              "emailMessage/Subject": "Update your flow connector's data categories!",
              "emailMessage/Body": "<p>Dear User,<br>\n<br>\nPlease fill in the following form to classify your data connectors, otherwise your flow will be deleted in the next 2 days!<br>\n<br>\nIn order to access the form to classify your connectors @{outputs('Compose')}<br>\n<br>\n<br>\nFlow display name: @{outputs('Get_Flow_as_Admin')?['body/properties/displayName']}<br>\nEnvironment display name: @{outputs('Get_Environment_as_Admin')?['body/properties/displayName']}</p>",
              "emailMessage/Importance": "Normal"
            },
            "authentication": "@parameters('$authentication')"
          }
        },
        "List_Flow_Owners": {
          "runAfter": {
            "Get_Flow_as_Admin": [
              "Succeeded"
            ]
          },
          "metadata": {
            "operationMetadataId": "57602674-4eb9-4853-a19d-e6387fdba77a"
          },
          "type": "OpenApiConnection",
          "inputs": {
            "host": {
              "connectionName": "shared_flowmanagement",
              "operationId": "ListFlowOwners",
              "apiId": "/providers/Microsoft.PowerApps/apis/shared_flowmanagement"
            },
            "parameters": {
              "environmentName": "@outputs('Get_Environment_as_Admin')?['body/name']",
              "flowName": "@variables('Flow Name')"
            },
            "authentication": "@parameters('$authentication')"
          }
        },
        "Apply_to_each_3": {
          "foreach": "@outputs('List_Flow_Owners')?['body/value']",
          "actions": {
            "Get_user_profile_(V2)_2": {
              "runAfter": {},
              "metadata": {
                "operationMetadataId": "c069b5d8-0544-46c2-be97-1b7a3c7e3b2c"
              },
              "type": "OpenApiConnection",
              "inputs": {
                "host": {
                  "connectionName": "shared_office365users",
                  "operationId": "UserProfile_V2",
                  "apiId": "/providers/Microsoft.PowerApps/apis/shared_office365users"
                },
                "parameters": {
                  "id": "@items('Apply_to_each_3')?['properties/principal/id']"
                },
                "authentication": "@parameters('$authentication')"
              }
            },
            "Append_to_FlowOwners_variables": {
              "runAfter": {
                "Get_user_profile_(V2)_2": [
                  "Succeeded"
                ]
              },
              "metadata": {
                "operationMetadataId": "4d76d421-5dd4-42b8-9efb-9756a8e6bfa7"
              },
              "type": "AppendToStringVariable",
              "inputs": {
                "name": "FlowOwners",
                "value": "@{outputs('Get_user_profile_(V2)_2')?['body/mail']};"
              }
            }
          },
          "runAfter": {
            "List_Flow_Owners": [
              "Succeeded"
            ]
          },
          "metadata": {
            "operationMetadataId": "d35a9a67-d63d-477c-968d-b472c918ac81"
          },
          "type": "Foreach"
        },
        "Initialize_variable": {
          "runAfter": {
            "Initialize_variable_4": [
              "Succeeded"
            ]
          },
          "metadata": {
            "operationMetadataId": "18ef22d9-dcd3-4ad0-86e8-48f54a600281"
          },
          "type": "InitializeVariable",
          "inputs": {
            "variables": [
              {
                "name": "FlowActionsArr",
                "type": "array",
                "value": "@null"
              }
            ]
          }
        },
        "Compose": {
          "runAfter": {
            "Apply_to_each_4": [
              "Succeeded"
            ],
            "Get_App": [
              "Succeeded"
            ]
          },
          "metadata": {
            "operationMetadataId": "48f3d214-2e8e-4beb-8cdf-d62bbc0930ed"
          },
          "type": "Compose",
          "inputs": "<a href=\"@{concat(outputs('Get_App')?['body/properties/appOpenUri'], '&FlowName=',outputs('Get_Flow_as_Admin')?['body/name'],'&EnvironmentName=', outputs('Get_Environment_as_Admin')?['body/name'])}\"> click here </a>"
        },
        "Initialize_variable_\"IsTrigger\"": {
          "runAfter": {
            "Initialize_variable": [
              "Succeeded"
            ]
          },
          "metadata": {
            "operationMetadataId": "8cc220f0-4d51-4892-a7fc-8c22c9cadd98"
          },
          "type": "InitializeVariable",
          "inputs": {
            "variables": [
              {
                "name": "IsTrigger",
                "type": "string"
              }
            ]
          }
        },
        "List_Flows_as_Admin_(V2)": {
          "runAfter": {
            "Get_Environment_as_Admin": [
              "Succeeded"
            ]
          },
          "metadata": {
            "operationMetadataId": "3e6b400f-afd0-473d-9b8d-bb6016d16cb4"
          },
          "type": "OpenApiConnection",
          "inputs": {
            "host": {
              "connectionName": "shared_flowmanagement",
              "operationId": "ListFlowsInEnvironment_V2",
              "apiId": "/providers/Microsoft.PowerApps/apis/shared_flowmanagement"
            },
            "parameters": {
              "environmentName": "@outputs('Get_Environment_as_Admin')?['body/name']"
            },
            "authentication": "@parameters('$authentication')"
          }
        },
        "Get_Environment_as_Admin": {
          "runAfter": {
            "Initialize_variable_3": [
              "Succeeded"
            ]
          },
          "metadata": {
            "operationMetadataId": "dd2d877b-43d6-43a1-afb0-50c889d7557e"
          },
          "type": "OpenApiConnection",
          "inputs": {
            "host": {
              "connectionName": "shared_powerplatformforadmins",
              "operationId": "GetSingleEnvironment",
              "apiId": "/providers/Microsoft.PowerApps/apis/shared_powerplatformforadmins"
            },
            "parameters": {
              "environment": "@triggerOutputs()?['body/admin_flowenvironmentid']",
              "api-version": "2018-10-01"
            },
            "authentication": "@parameters('$authentication')"
          }
        }
      }
    },
    "templateName": ""
  },
  "schemaVersion": "1.0.0.0"
}