{
  "properties": {
    "connectionReferences": {
      "shared_commondataserviceforapps": {
        "runtimeSource": "embedded",
        "connection": {
          "connectionReferenceLogicalName": "admin_CoEBYODLDataverse"
        },
        "api": {
          "name": "shared_commondataserviceforapps"
        }
      }
    },
    "definition": {
      "$schema": "https://schema.management.azure.com/providers/Microsoft.Logic/schemas/2016-06-01/workflowdefinition.json#",
      "contentVersion": "1.0.0.0",
      "parameters": {
        "$connections": {
          "defaultValue": {},
          "type": "Object"
        },
        "$authentication": {
          "defaultValue": {},
          "type": "SecureObject"
        }
      },
      "triggers": {
        "manual": {
          "metadata": {
            "operationMetadataId": "0b50b8c0-9fe6-4125-aa1a-7cb6460f6290"
          },
          "type": "Request",
          "kind": "PowerApp",
          "inputs": {
            "schema": {
              "type": "object",
              "properties": {
                "Updatearow_ConnectorActionName": {
                  "type": "string",
                  "description": "",
                  "x-ms-powerflows-param-ispartial": false
                },
                "Updatearow_DataClassification": {
                  "type": "integer",
                  "format": "int32",
                  "description": "",
                  "x-ms-powerflows-param-ispartial": false
                },
                "Updatearow_EnvironmentName": {
                  "type": "string",
                  "description": "",
                  "x-ms-powerflows-param-ispartial": false
                },
                "Updatearow_FlowName": {
                  "type": "string",
                  "description": "",
                  "x-ms-powerflows-param-ispartial": false
                },
                "Updatearow_RowID": {
                  "type": "string",
                  "description": "Enter the row's globally unique identifier (GUID)",
                  "x-ms-powerflows-param-ispartial": false
                },
                "Updatearow_IsTrigger": {
                  "type": "boolean",
                  "description": "",
                  "x-ms-powerflows-param-ispartial": false
                },
                "Listrows_Filterrows": {
                  "type": "string",
                  "description": "Enter an OData style filter expression to limit which rows are listed. This parameter is used as part of \"14F7AE5B-715E-41AD-A233-F945C57E59B1\"",
                  "x-ms-powerflows-param-ispartial": true
                }
              },
              "required": [
                "Updatearow_ConnectorActionName",
                "Updatearow_DataClassification",
                "Updatearow_EnvironmentName",
                "Updatearow_FlowName",
                "Updatearow_RowID",
                "Updatearow_IsTrigger",
                "Listrows_Filterrows"
              ]
            }
          }
        }
      },
      "actions": {
        "List_rows": {
          "runAfter": {},
          "metadata": {
            "operationMetadataId": "133a7454-5e90-411c-a346-1814d43c0c77"
          },
          "type": "OpenApiConnection",
          "inputs": {
            "host": {
              "connectionName": "shared_commondataserviceforapps",
              "operationId": "ListRecords",
              "apiId": "/providers/Microsoft.PowerApps/apis/shared_commondataserviceforapps"
            },
            "parameters": {
              "entityName": "jn_connectordataclassifications",
              "$filter": "jn_connectoractionname eq '@{triggerBody()['Updatearow_ConnectorActionName']}' and\njn_flowname eq '@{triggerBody()['Updatearow_FlowName']}' and\njn_environmentname eq '@{triggerBody()['Updatearow_EnvironmentName']}' and\nversionnumber eq @{triggerBody()['Listrows_Filterrows']}",
              "$top": 1
            },
            "authentication": {
              "type": "Raw",
              "value": "@json(decodeBase64(triggerOutputs().headers['X-MS-APIM-Tokens']))['$ConnectionKey']"
            }
          }
        },
        "Apply_to_each": {
          "foreach": "@outputs('List_rows')?['body/value']",
          "actions": {
            "Update_a_row": {
              "runAfter": {},
              "metadata": {
                "operationMetadataId": "2a090cf5-a95c-4fed-b73e-899b305c4283"
              },
              "type": "OpenApiConnection",
              "inputs": {
                "host": {
                  "connectionName": "shared_commondataserviceforapps",
                  "operationId": "UpdateRecord",
                  "apiId": "/providers/Microsoft.PowerApps/apis/shared_commondataserviceforapps"
                },
                "parameters": {
                  "entityName": "jn_connectordataclassifications",
                  "recordId": "@items('Apply_to_each')?['jn_connectordataclassificationid']",
                  "item/jn_connectoractionname": "@triggerBody()['Updatearow_ConnectorActionName']",
                  "item/jn_dataclassification": "@triggerBody()['Updatearow_DataClassification']",
                  "item/jn_environmentname": "@triggerBody()['Updatearow_EnvironmentName']",
                  "item/jn_flowname": "@triggerBody()['Updatearow_FlowName']"
                },
                "authentication": {
                  "type": "Raw",
                  "value": "@json(decodeBase64(triggerOutputs().headers['X-MS-APIM-Tokens']))['$ConnectionKey']"
                }
              }
            }
          },
          "runAfter": {
            "List_rows": [
              "Succeeded"
            ]
          },
          "metadata": {
            "operationMetadataId": "cecfc352-241a-4cd7-af6b-53979f622a2c"
          },
          "type": "Foreach"
        }
      }
    },
    "templateName": ""
  },
  "schemaVersion": "1.0.0.0"
}