<ImportExportXml version="9.2.23071.154" SolutionPackageVersion="9.2" languagecode="1033" generatedBy="CrmLive" xmlns:xsi="http://www.w3.org/2001/XMLSchema-instance">
  <SolutionManifest>
    <UniqueName>ConnectorChecker</UniqueName>
    <LocalizedNames>
      <LocalizedName description="Connector Data Classification" languagecode="1033" />
    </LocalizedNames>
    <Descriptions />
    <Version>1.0.0.3</Version>
    <Managed>0</Managed>
    <Publisher>
      <UniqueName>James</UniqueName>
      <LocalizedNames>
        <LocalizedName description="James" languagecode="1033" />
      </LocalizedNames>
      <Descriptions />
      <EMailAddress xsi:nil="true"></EMailAddress>
      <SupportingWebsiteUrl xsi:nil="true"></SupportingWebsiteUrl>
      <CustomizationPrefix>jn</CustomizationPrefix>
      <CustomizationOptionValuePrefix>10320</CustomizationOptionValuePrefix>
      <Addresses>
        <Address>
          <AddressNumber>1</AddressNumber>
          <AddressTypeCode>1</AddressTypeCode>
          <City xsi:nil="true"></City>
          <County xsi:nil="true"></County>
          <Country xsi:nil="true"></Country>
          <Fax xsi:nil="true"></Fax>
          <FreightTermsCode xsi:nil="true"></FreightTermsCode>
          <ImportSequenceNumber xsi:nil="true"></ImportSequenceNumber>
          <Latitude xsi:nil="true"></Latitude>
          <Line1 xsi:nil="true"></Line1>
          <Line2 xsi:nil="true"></Line2>
          <Line3 xsi:nil="true"></Line3>
          <Longitude xsi:nil="true"></Longitude>
          <Name xsi:nil="true"></Name>
          <PostalCode xsi:nil="true"></PostalCode>
          <PostOfficeBox xsi:nil="true"></PostOfficeBox>
          <PrimaryContactName xsi:nil="true"></PrimaryContactName>
          <ShippingMethodCode>1</ShippingMethodCode>
          <StateOrProvince xsi:nil="true"></StateOrProvince>
          <Telephone1 xsi:nil="true"></Telephone1>
          <Telephone2 xsi:nil="true"></Telephone2>
          <Telephone3 xsi:nil="true"></Telephone3>
          <TimeZoneRuleVersionNumber xsi:nil="true"></TimeZoneRuleVersionNumber>
          <UPSZone xsi:nil="true"></UPSZone>
          <UTCOffset xsi:nil="true"></UTCOffset>
          <UTCConversionTimeZoneCode xsi:nil="true"></UTCConversionTimeZoneCode>
        </Address>
        <Address>
          <AddressNumber>2</AddressNumber>
          <AddressTypeCode>1</AddressTypeCode>
          <City xsi:nil="true"></City>
          <County xsi:nil="true"></County>
          <Country xsi:nil="true"></Country>
          <Fax xsi:nil="true"></Fax>
          <FreightTermsCode xsi:nil="true"></FreightTermsCode>
          <ImportSequenceNumber xsi:nil="true"></ImportSequenceNumber>
          <Latitude xsi:nil="true"></Latitude>
          <Line1 xsi:nil="true"></Line1>
          <Line2 xsi:nil="true"></Line2>
          <Line3 xsi:nil="true"></Line3>
          <Longitude xsi:nil="true"></Longitude>
          <Name xsi:nil="true"></Name>
          <PostalCode xsi:nil="true"></PostalCode>
          <PostOfficeBox xsi:nil="true"></PostOfficeBox>
          <PrimaryContactName xsi:nil="true"></PrimaryContactName>
          <ShippingMethodCode>1</ShippingMethodCode>
          <StateOrProvince xsi:nil="true"></StateOrProvince>
          <Telephone1 xsi:nil="true"></Telephone1>
          <Telephone2 xsi:nil="true"></Telephone2>
          <Telephone3 xsi:nil="true"></Telephone3>
          <TimeZoneRuleVersionNumber xsi:nil="true"></TimeZoneRuleVersionNumber>
          <UPSZone xsi:nil="true"></UPSZone>
          <UTCOffset xsi:nil="true"></UTCOffset>
          <UTCConversionTimeZoneCode xsi:nil="true"></UTCConversionTimeZoneCode>
        </Address>
      </Addresses>
    </Publisher>
    <RootComponents>
      <RootComponent type="1" schemaName="jn_connectordataclassification" behavior="0" />
      <RootComponent type="9" schemaName="cr09e_datacategory" behavior="0" />
      <RootComponent type="29" id="{2cc98ed9-af1c-ee11-8f6d-000d3a0be94e}" behavior="0" />
      <RootComponent type="29" id="{8beb8b2b-401f-ee11-9966-000d3a0be010}" behavior="0" />
      <RootComponent type="300" schemaName="jn_setstepdataclassification_a0df0" behavior="0" />
    </RootComponents>
    <MissingDependencies>
      <MissingDependency>
        <Required type="1" schemaName="admin_flow" displayName="Flow" solution="CenterofExcellenceCoreComponents (4.9)" />
        <Dependent type="29" displayName="Add data classification for flow connectors" id="{2cc98ed9-af1c-ee11-8f6d-000d3a0be94e}" />
      </MissingDependency>
      <MissingDependency>
        <Required type="1" schemaName="admin_flowactiondetail" displayName="Flow Action Detail" solution="CenterofExcellenceCoreComponents (4.9)" />
        <Dependent type="29" displayName="Add data classification for flow connectors" id="{2cc98ed9-af1c-ee11-8f6d-000d3a0be94e}" />
      </MissingDependency>
      <MissingDependency>
        <Required type="2" schemaName="admin_displayname" displayName="Display Name" parentSchemaName="admin_flow" parentDisplayName="Flow" solution="CenterofExcellenceCoreComponents (4.9)" />
        <Dependent type="29" displayName="Add data classification for flow connectors" id="{2cc98ed9-af1c-ee11-8f6d-000d3a0be94e}" />
      </MissingDependency>
      <MissingDependency>
        <Required type="66" schemaName="cat_PowerCAT.CommandBar" displayName="cat_PowerCAT.CommandBar" solution="CreatorKitCore (1.0.20230421.1)">
          <package>CreatorKitCore (1.0.20230421.1)</package>
        </Required>
        <Dependent type="300" schemaName="jn_setstepdataclassification_a0df0" displayName="Set step data classification" />
      </MissingDependency>
      <MissingDependency>
        <Required type="66" schemaName="cat_PowerCAT.FluentDetailsList" displayName="cat_PowerCAT.FluentDetailsList" solution="CreatorKitCore (1.0.20230421.1)">
          <package>CreatorKitCore (1.0.20230421.1)</package>
        </Required>
        <Dependent type="300" schemaName="jn_setstepdataclassification_a0df0" displayName="Set step data classification" />
      </MissingDependency>
      <MissingDependency>
        <Required type="connectionreference" displayName="admin_CoEBYODLDataverse" solution="CenterofExcellenceCoreComponents (4.9)" id.connectionreferencelogicalname="admin_CoEBYODLDataverse" />
        <Dependent type="29" displayName="Add data classification for flow connectors" id="{2cc98ed9-af1c-ee11-8f6d-000d3a0be94e}" />
      </MissingDependency>
      <MissingDependency>
        <Required type="connectionreference" displayName="admin_CoEBYODLDataverse" solution="CenterofExcellenceCoreComponents (4.9)" id.connectionreferencelogicalname="admin_CoEBYODLDataverse" />
        <Dependent type="29" displayName="App - Set Connector Data Classification" id="{8beb8b2b-401f-ee11-9966-000d3a0be010}" />
      </MissingDependency>
      <MissingDependency>
        <Required type="connectionreference" displayName="admin_CoECoreOffice365Users" solution="CenterofExcellenceCoreComponents (4.9)" id.connectionreferencelogicalname="admin_CoECoreOffice365Users" />
        <Dependent type="29" displayName="Add data classification for flow connectors" id="{2cc98ed9-af1c-ee11-8f6d-000d3a0be94e}" />
      </MissingDependency>
      <MissingDependency>
        <Required type="connectionreference" displayName="admin_CoECorePowerAppsMakers" solution="CenterofExcellenceCoreComponents (4.9)" id.connectionreferencelogicalname="admin_CoECorePowerAppsMakers" />
        <Dependent type="29" displayName="Add data classification for flow connectors" id="{2cc98ed9-af1c-ee11-8f6d-000d3a0be94e}" />
      </MissingDependency>
      <MissingDependency>
        <Required type="connectionreference" displayName="admin_CoECorePowerAutomateManagement" solution="CenterofExcellenceCoreComponents (4.9)" id.connectionreferencelogicalname="admin_CoECorePowerAutomateManagement" />
        <Dependent type="29" displayName="Add data classification for flow connectors" id="{2cc98ed9-af1c-ee11-8f6d-000d3a0be94e}" />
      </MissingDependency>
      <MissingDependency>
        <Required type="connectionreference" displayName="new_CoEGovPowerPlatformforAdmins" solution="CenterofExcellenceAuditComponents (3.3)" id.connectionreferencelogicalname="new_CoEGovPowerPlatformforAdmins" />
        <Dependent type="29" displayName="Add data classification for flow connectors" id="{2cc98ed9-af1c-ee11-8f6d-000d3a0be94e}" />
      </MissingDependency>
      <MissingDependency>
        <Required type="connectionreference" displayName="new_sharedoffice365_7a984" solution="Active" id.connectionreferencelogicalname="new_sharedoffice365_7a984" />
        <Dependent type="29" displayName="Add data classification for flow connectors" id="{2cc98ed9-af1c-ee11-8f6d-000d3a0be94e}" />
      </MissingDependency>
    </MissingDependencies>
  </SolutionManifest>
</ImportExportXml>